Date,Day,Category,Activity,Platforms
2024-10-22,Tuesday,Community,The Rise of African Tech Giants,"WhatsApp: Discussion prompt, Twitter: Thread on African tech success stories"
2024-10-22,Tuesday,TaaS,LinkedIn post on tech talent trends in Africa,LinkedIn
2024-10-23,Wednesday,Community,Challenge: Design a simple chatbot!,"WhatsApp: Challenge announcement, Twitter: Tips for chatbot design"
2024-10-23,Wednesday,Solutions,Blog post on 'Chatbots for Customer Service',Blog
2024-10-24,Thursday,Data2Employ,Instagram story featuring success stories,Instagram
2024-10-25,Friday,Community,Feedback/Conversations,WhatsApp: Open discussion
2024-10-25,Friday,Newsletter,Monthly TaaS update,Email
2024-12-23,Monday,Community,Holiday Special: Tech for Social Good in Nigeria,"WhatsApp: Call for tech-for-good ideas, Facebook: Post on Data2Bots' social impact initiatives"
2024-12-25,Wednesday,Community,Challenge: Design a Tech-Inspired Holiday Greeting,"WhatsApp: Challenge announcement, Twitter: Showcase best greetings"
2024-12-25,Wednesday,TaaS,LinkedIn post on work-life balance in tech,LinkedIn
2024-12-27,Friday,Community,Feedback/Conversations,WhatsApp: Open discussion
2024-12-27,Friday,Newsletter,Year-end comprehensive update (all value streams),Email
2024-12-27,Friday,QA Event,"""Year-End Reflections"" with Community Leaders","WhatsApp: Live Q&A session, LinkedIn: Post-event summary"
2024-12-27,Friday,Upskilling Event,"""Data Science for Beginners""","WhatsApp: Workshop announcement and registration, Twitter: Live-tweeting key learnings"
